,character_id,character_name,num_of_comics,num_of_series,num_of_stories,num_of_events
1185,1009610,Spider-Man,3918,989,5898,38
1472,1009726,X-Men,3432,828,5092,42
573,1009368,Iron Man,2561,626,3880,31
1453,1009718,Wolverine,2470,663,3457,42
185,1009220,Captain America,2362,651,3503,31
77,1009165,Avengers,1884,566,2711,34
1311,1009664,Thor,1758,506,2667,27
524,1009351,Hulk,1657,470,2541,26
388,1009299,Fantastic Four,1401,379,2259,24
536,1009356,Human Torch,1189,286,1849,20
281,1009262,Daredevil,1168,289,1867,17
268,1009257,Cyclops,973,282,1086,29
1308,1009662,Thing,931,240,1179,23
297,1009268,Deadpool,844,236,1060,15
329,1009282,Doctor Strange,831,275,1056,22
1231,1009629,Storm,829,209,966,30
92,1009175,Beast,810,217,901,30
562,1009366,Invisible Woman,725,177,951,20
989,1009515,Punisher,721,199,924,9
243,1009243,Colossus,693,169,846,27
121,1009187,Black Panther,645,213,866,17
494,1009338,Hawkeye,633,204,686,19
1050,1009546,Rogue,616,159,769,25
895,1009472,Nightcrawler,614,182,724,17
847,1009459,Mr. Fantastic,586,179,779,20
1239,1010791,Sub-Mariner,574,178,790,14
546,1009362,Iceman,573,164,663,22
61,1009159,Archangel,562,140,621,20
1402,1009697,Vision,549,160,625,15
126,1009189,Black Widow,548,208,630,16
887,1009471,Nick Fury,526,197,597,10
1084,1009562,Scarlet Witch,524,175,595,17
1146,1009592,Silver Surfer,519,168,763,13
196,1010338,Captain Marvel (Carol Danvers),505,175,603,16
423,1009313,Gambit,480,124,608,14
741,1009417,Magneto,455,166,489,21
1122,1009583,She-Hulk (Jennifer Walters),452,147,524,15
172,1009214,Cable,423,115,589,12
973,1009504,Professor X,422,135,425,15
1423,1009707,Wasp,412,159,468,14
323,1009281,Doctor Doom,411,198,483,13
982,1009512,Psylocke,404,98,474,21
770,1009708,Mary Jane Watson,396,84,432,9
366,1009310,Emma Frost,392,130,442,17
567,1009367,Iron Fist (Danny Rand),391,113,443,11
713,1009215,Luke Cage,381,131,398,15
701,1009407,Loki,374,157,441,9
1002,1009524,Quicksilver,372,131,394,11
470,1011299,Guardians of the Galaxy,334,97,367,9
493,1009337,Havok,331,97,375,14
649,1009508,Kitty Pryde,322,120,336,14
870,1009466,Namor,306,117,350,16
1470,1009724,X-Force,305,46,515,8
1066,1009554,Sabretooth,302,111,317,8
112,1009182,Bishop,293,66,373,8
441,1009318,Ghost Rider (Johnny Blaze),291,76,409,6
183,1009219,Cannonball,287,77,318,12
508,1009343,Hercules,281,101,324,12
584,1009372,J. Jonah Jameson,277,76,304,13
332,1009277,Domino,269,71,308,10
1324,1010360,Thunderbolts,268,39,413,11
1279,1009652,Thanos,268,125,293,8
1194,1016181,Spider-Man (Miles Morales),260,75,272,2
1458,1009719,Wonder Man,260,92,313,8
958,1009499,Polaris,259,68,301,10
881,1011336,New Mutants,259,50,437,16
1199,1009608,Spider-Woman (Jessica Drew),252,89,265,14
833,1009452,Moon Knight,250,77,311,6
647,1009389,Kingpin,248,93,293,7
559,1009365,Inhumans,248,113,275,12
620,1009381,Jubilee,245,58,280,10
482,1011490,Hank Pym,241,90,332,8
421,1009312,Galactus,227,107,251,9
1464,1009722,X-23,219,57,234,5
1113,1009577,Shang-Chi,216,51,225,6
599,1009327,Jean Grey,215,99,231,13
1420,1009705,Warpath,214,45,256,5
915,1009480,Odin,213,84,261,7
1446,1010740,Winter Soldier,208,100,221,11
309,1011023,Defenders,208,40,273,3
30,1010370,Alpha Flight,207,39,377,7
293,1009267,Dazzler,206,69,270,11
377,1010771,Excalibur,199,32,295,5
622,1009382,Juggernaut,198,87,224,9
198,1009224,Captain Marvel (Mar-Vell),197,73,290,6
359,1009288,Elektra,196,57,277,9
1468,1010738,X-Factor,195,39,252,10
1246,1009638,Sunspot,195,58,218,12
946,1009491,Peter Parker,193,34,202,4
384,1009297,Falcon,193,72,226,7
906,1009325,Norman Osborn,192,81,221,5
10,1010354,Adam Warlock,188,82,217,8
1182,1009609,Spider-Girl (May Parker),188,37,301,1
865,1009465,Mystique,187,66,216,10
1037,1009379,Rick Jones,183,41,250,5
909,1009477,Nova,179,63,252,11
80,1009168,Banshee,179,52,200,10
857,1017577,Ms. Marvel (Kamala Khan),178,60,180,2
1027,1009535,Red Skull,177,86,208,7
192,1009223,Captain Britain,172,53,235,8
1138,1009588,Sif,170,47,181,2
352,1010787,Eddie Brock,170,71,168,1
117,1009185,Black Cat,166,62,193,5
788,1009438,Medusa,165,79,175,10
787,1009490,May Parker,165,39,182,5
115,1009184,Black Bolt,161,71,174,10
1064,1009552,S.H.I.E.L.D.,159,74,186,1
819,1010682,Misty Knight,159,55,174,6
326,1009276,Doctor Octopus,155,58,169,4
604,1009378,Jessica Jones,155,52,171,9
81,1009596,Banshee (Theresa Rourke),151,31,172,6
414,1009539,Franklin Richards,151,51,204,8
33,1011227,Amadeus Cho,146,33,171,5
409,1009309,Forge,146,43,166,9
378,1009294,Exiles,146,26,215,2
542,1009359,Hydra,142,76,144,3
752,1009420,Man-Thing,141,49,174,2
1120,1009580,Shatterstar,135,34,160,5
1158,1009599,Skrulls,131,61,140,5
1062,1010747,Runaways,130,36,162,1
169,1009212,Bullseye,128,59,139,4
1450,1009717,Wolfsbane,128,32,155,6
209,1009227,Carnage,128,61,139,2
961,1010770,Power Pack,127,35,154,4
1360,1010803,Ultimates,126,34,134,1
164,1009167,Bruce Banner,126,31,176,7
1328,1009670,Tigra (Greer Nelson),124,43,145,12
630,1009384,Kang,124,54,148,3
628,1011081,Ka-Zar,124,45,140,1
273,1009258,Dagger,124,51,142,6
238,1009241,Cloak,122,51,128,6
263,1009255,Crystal,122,55,136,8
794,1009440,Mephisto,120,53,135,3
1365,1009685,Ultron,116,53,129,6
687,1009402,Lilandra,114,41,104,5
52,1010801,Ant-Man (Scott Lang),114,48,136,2
1209,1010860,Squirrel Girl,113,40,116,2
1118,1009228,Sharon Carter,112,45,136,4
1388,1009663,Venom (Flash Thompson),112,24,119,1
1040,1009542,Rictor,111,23,118,5
54,1009156,Apocalypse,111,52,112,6
1471,1009725,X-Man,110,31,184,5
45,1009153,Angel (Warren Worthington III),110,44,115,5
523,1010373,Howard The Duck,108,32,222,1
1100,1009571,Sentry (Robert Reynolds),108,45,115,7
401,1009306,Firestar,106,43,126,6
120,1009186,Black Knight (Sir Percy of Scandia),106,57,105,3
355,1011072,Edwin Jarvis,105,31,110,5
634,1009385,Karnak,105,50,114,8
1183,1017603,Spider-Gwen (Spider-Gwen),103,32,107,2
997,1009523,Quasar (Phyla-Vell),101,29,161,7
521,1011428,Hope Summers,101,23,136,6
435,1011285,Generation X,100,10,105,1
1023,1011360,Red Hulk,99,27,134,5
761,1011335,Maria Hill,99,28,120,8
304,1010890,Deathlok,99,31,110,3
490,1009486,Harry Osborn,98,23,123,4
1405,1009699,Vulture (Adrian Toomes),97,47,103,1
276,1011001,Daken,97,26,103,1
235,1009239,Clea,97,28,118,2
815,1009447,Mister Sinister,96,50,99,6
908,1009476,Northstar,95,27,111,6
724,1010805,Machine Man,94,27,115,1
1077,1009560,Sasquatch (Walter Langkowski),94,34,112,4
882,1010683,New Warriors,94,19,131,4
738,1009415,Magik (Illyana Rasputin),94,33,110,8
1270,1009648,Taskmaster,93,38,114,6
1213,1010733,Star-Lord (Peter Quill),93,36,136,4
133,1009191,Blade,92,44,105,3
820,1011220,Mockingbird,91,41,93,5
6,1009148,Absorbing Man,91,47,104,4
664,1009393,Lady Deathstrike,91,33,94,2
838,1009454,Morbius,90,38,103,3
1459,1009720,Wong,89,27,99,3
1005,1009430,Rachel Grey,88,34,95,8
1046,1010744,Rocket Raccoon,88,38,98,4
674,1009399,Legion,88,30,98,5
695,1009404,Lizard,88,33,103,3
406,1009470,Foggy Nelson,88,33,120,3
357,1009287,Electro,88,43,97,2
704,1009408,Longshot,86,26,105,5
732,1009413,Madrox,84,10,89,3
942,1009494,Pepper Potts,84,20,121,2
509,1010759,Heroes For Hire,84,11,94,3
1243,1009636,Sunfire,84,38,95,6
226,1009733,Charles Xavier,83,38,92,4
449,1009321,Gladiator (Kallark),83,43,77,3
1083,1011426,Scarlet Spider (Kaine),83,21,89,1
166,1009211,Bucky,82,36,96,1
763,1009425,Marrow,82,22,103,1
495,1010808,Hawkeye (Kate Bishop),82,31,80,3
699,1009406,Lockjaw,82,46,93,3
241,1010676,Colleen Wing,81,21,87,3
939,1009492,Patriot,81,16,81,2
500,1010351,Hellcat (Patsy Walker),80,34,81,1
314,1017583,Devil Dinosaur (Devil Dinosaur),80,28,81,2
862,1009464,Mysterio,80,32,89,1
754,1009421,Mandarin,80,29,102,1
286,1011367,Dark Avengers,79,22,109,2
474,1009619,Gwen Stacy,77,27,72,1
344,1010735,Drax,77,41,79,3
582,1009538,Iron Patriot (James Rhodes),76,28,100,4
139,1009199,Blob,76,31,79,7
440,1010925,Ghost Rider (Daniel Ketch),75,22,81,1
626,1010760,Justice,75,18,94,7
609,1009376,Jocasta,74,14,76,6
1154,1011223,Skaar,74,13,93,3
832,1017814,Moon Girl (Lunella Layfayette),74,23,74,1
1357,1009683,Uatu The Watcher,72,33,96,3
1034,1009537,Rhino,72,43,79,2
178,1009216,Caliban,70,16,75,6
75,1009163,Aurora,70,16,82,4
790,1009439,Meltdown,70,12,95,1
1342,1009692,Toxin (Eddie Brock),69,29,81,2
824,1009449,Mole Man,69,42,76,1
207,1011258,Carlie Cooper,69,3,93,1
1481,1010698,Young Avengers,68,20,71,4
425,1010763,Gamora,68,30,72,5
656,1009391,Kraven the Hunter,68,38,79,1
106,1009548,Betty Ross,68,18,116,1
836,1009451,Moondragon,68,27,83,4
341,1010677,Dracula,67,42,88,1
941,1009493,Penance (Robert Baldwin),67,20,84,6
154,1010366,Boom Boom,67,18,75,7
1043,1009545,Robbie Robertson,66,23,68,1
1375,1009525,Valeria Richards,66,11,73,4
911,1017078,Nova (Sam Alexander),66,19,69,1
49,1009154,Annihilus,65,30,82,1
63,1010784,Ares,65,32,75,5
1098,1009570,Sentinel,65,28,67,5
1346,1010335,Triton,65,34,72,5
698,1009405,Lockheed,65,24,68,4
456,1009324,Gorgon,64,36,69,5
1115,1009578,Shanna the She-Devil,64,27,81,1
348,1009284,Dum Dum Dugan,64,24,80,3
137,1009197,Blink,63,23,67,3
391,1009301,Fantomex,62,16,70,4
155,1009205,Boomer,62,12,73,2
279,1009453,Dani Moonstar,62,17,80,6
872,1009469,Namorita,62,22,70,7
197,1011096,Captain Marvel (Genis-Vell),62,5,90,1
984,1009513,Puck,60,18,75,2
1257,1009641,Swordsman,60,25,56,4
29,1009435,Alicia Masters,60,20,84,2
740,1009416,Magma (Amara Aquilla),59,22,67,5
898,1009473,Nightmare,59,25,72,4
444,1009320,Giant Man,58,23,61,3
1149,1010898,Sin,58,18,71,3
1099,1011323,Sentinels,58,31,54,4
1236,1011051,Strong Guy,58,10,64,2
1356,1009682,U.S. Agent,57,21,66,2
1181,1009157,Spider-Girl (Anya Corazon),57,14,66,2
1057,1010344,Ronan,56,26,62,5
1438,1009714,Wiccan,55,23,55,4
920,1009482,Omega Red,55,20,60,1
1312,1017576,Thor (Goddess of Thunder),55,28,55,3
897,1010349,Nighthawk,55,20,58,1
189,1017575,Captain America (Sam Wilson),54,24,55,2
1079,1009561,Sauron,54,27,57,1
319,1009274,Diamondback (Rachel Leighton),54,10,61,3
275,1010719,Daimon Hellstrom,53,24,58,3
537,1010932,Human Torch (Jim Hammond),53,23,49,1
102,1010782,Ben Urich,53,27,58,4
4,1009146,Abomination (Emil Blonsky),53,26,63,1
338,1009280,Dormammu,53,27,58,1
633,1011386,Karma,52,11,68,2
995,1009522,Pyro,52,21,57,5
375,1010807,Eternals,52,18,90,1
222,1009233,Chamber,52,17,52,1
290,1011020,Darkhawk,51,16,53,2
259,1009252,Crossbones,51,24,61,2
1201,1009614,Spiral (Rita Wayword),50,22,52,4
823,1009448,Mojo,50,30,54,2
1435,1010853,White Tiger (Angela Del Toro),50,11,53,5
1031,1011376,Reptil,50,6,61,3
871,1009468,Namora,50,17,90,3
758,1011026,Mantis,50,13,56,4
672,1009398,Leader,49,16,68,2
1237,1009632,Stryfe,49,21,54,1
1400,1009696,Viper,49,24,46,1
767,1009427,Marvel Boy,49,23,88,4
1001,1009387,Quentin Quire,48,14,48,1
1334,1009673,Toad,48,31,41,3
1169,1009606,Snowbird,48,12,68,3
651,1009390,Klaw,47,29,51,2
1426,1009709,Weapon X,47,20,48,1
1103,1010345,Sersi,46,22,49,1
777,1009434,Mastermind,46,21,42,1
719,1010726,M.O.D.O.K.,46,27,57,2
1111,1009576,Shaman,46,10,52,2
160,1009208,Brood,45,18,46,3
883,1011271,New X-Men,45,11,50,1
82,1009169,Baron Strucker,45,20,52,1
99,1009329,Ben Grimm,45,17,66,1
923,1009483,Onslaught,45,26,40,1
1339,1009624,Tony Stark,45,27,57,4
104,1009180,Beta-Ray Bill,44,22,50,3
15,1011198,Agents of Atlas,43,13,50,1
1171,1010693,Songbird,43,14,48,2
224,1010756,Champions,43,24,45,1
589,1011288,Jackal,43,21,50,2
51,1010802,Ant-Man (Eric O'Grady),42,13,41,7
1226,1010326,Steve Rogers,42,24,39,1
1095,1011368,Secret Warriors,42,8,70,3
1289,1010359,The Hand,41,22,52,4
400,1009305,Firelord,41,23,47,2
860,1011056,Multiple Man,41,12,51,2
671,1011100,Layla Miller,41,4,42,3
1344,1010825,Triathlon,41,10,48,1
992,1009519,Puppet Master,41,21,50,1
1332,1010669,Titania,41,22,49,1
1475,1010806,X-Statix,41,9,50,1
791,1011241,Menace,41,4,52,1
1358,1010358,Ulik,41,12,50,1
256,1009251,Crimson Dynamo,40,25,42,1
156,1010371,Boomerang,40,23,45,1
1025,1011436,Red She-Hulk,40,9,43,4
540,1009357,Husk,40,17,50,3
1240,1009631,Sue Storm,40,16,59,1
76,1009164,Avalanche,40,18,47,7
956,1011179,Pixie,39,12,40,4
996,1014528,Quake (Daisy Johnson),39,12,40,5
223,1009234,Chameleon,39,19,42,2
221,1009232,Ch'od,39,14,34,2
1290,1010715,The Hood,39,13,41,3
1223,1009625,Stepford Cuckoos,39,13,40,5
335,1009279,Doop,39,12,52,1
173,1017317,Cable (Deadpool),38,10,29,2
1216,1011084,Starfox,38,15,41,1
507,1009342,Hepzibah,38,13,35,2
511,1011300,High Evolutionary,38,28,42,2
1133,1009585,Shocker (Herman Schultz),38,25,42,4
716,1011068,M (Monet St. Croix),38,7,43,2
893,1010684,Night Thrasher,38,11,62,4
998,1010778,Quasar (Wendell Vaughn),37,18,39,5
1352,1010369,Typhoid Mary,37,18,48,2
88,1009171,Bastion,37,20,37,2
468,1010743,Groot,37,16,40,2
1210,1009618,Stacy X,37,19,36,1
616,1009380,Joseph,37,9,44,1
518,1009347,Hobgoblin (Roderick Kingsley),37,20,36,2
1094,1009581,Sebastian Shaw,37,21,38,5
311,1009271,Destiny,37,17,38,4
83,1009170,Baron Zemo (Heinrich Zemo),37,23,40,1
837,1010362,Moonstone,37,19,41,4
199,1011095,Captain Marvel (Monica Rambeau),36,15,36,1
685,1010450,Lightspeed,36,8,43,2
134,1009195,Blastaar,36,22,46,3
343,1009283,Dragon Man,36,19,44,2
469,1009330,Guardian,36,19,39,2
302,1009270,Deathbird,36,12,40,3
1321,1009667,Thunderbird (Neal Shaara),36,8,47,1
810,1009445,Mimic,36,13,41,1
1387,1009691,Vengeance (Michael Badilino),36,3,59,1
459,1010702,Gravity,35,12,38,4
365,1010701,Elsa Bloodstone,35,16,36,2
1177,1010694,Speedball (Robert Baldwin),35,12,43,2
1016,1009531,Raza,35,13,31,2
774,1010367,Masque,35,12,34,3
237,1010809,Clint Barton,34,8,38,1
46,1017574,Angela (Aldrif Odinsdottir),34,14,34,1
1189,1014858,Spider-Man (Ben Reilly),34,14,35,1
246,1009245,Constrictor,34,11,37,5
397,1010868,Firebird,34,11,32,2
1008,1010817,Rage,33,8,39,5
902,1009474,Nocturne,33,14,34,1
878,1011086,Nemesis,33,5,53,1
467,1009328,Grim Reaper,33,18,32,1
1340,1011309,Toro (Thomas Raymond),33,16,31,2
663,1011327,Lady Bullseye,33,8,38,2
1320,1009666,Thunderbird (John Proudstar),33,22,30,2
179,1009217,Callisto,33,10,30,2
851,1010347,Mr. Hyde,33,17,45,2
1432,1010348,Whirlwind,33,21,33,1
1220,1010828,Stature,32,13,30,3
1439,1009715,Wild Child,32,17,31,1
150,1011339,Blue Marvel,32,9,36,5
1229,1009628,Stingray (Walter Newell),31,15,33,1
519,1009349,Holocaust (Age of Apocalypse),31,17,29,2
1249,1009639,Super-Skrull,31,22,35,3
351,1010785,Echo,31,15,34,1
211,1009261,Carol Danvers,31,15,33,3
1415,1009703,Warbird,31,9,33,3
1212,1011307,Star Brand,31,11,46,1
727,1010352,Madame Masque,31,15,36,3
988,1009514,Puma,31,13,34,2
1203,1010899,Spitfire,30,14,32,1
59,1009158,Arcade,30,21,29,2
1398,1009695,Vindicator,30,11,34,2
1161,1011057,Slapstick,30,10,33,4
1333,1009672,Titanium Man (Topolov),29,14,39,2
432,1009316,Gauntlet (Joseph Green),29,8,36,5
431,1009315,Gateway,29,12,27,3
41,1009152,Ancient One,29,10,34,2
875,1010365,Nebula,29,17,28,2
301,1009269,Death,29,19,30,2
1394,1009694,Vertigo (Savage Land Mutate),28,15,25,3
1117,1009579,Shard,28,5,34,1
781,1009463,Matthew Murdock,28,13,35,1
786,1011305,Maximus,28,13,28,5
455,1010927,Goliath (Bill Foster),28,12,29,2
465,1011420,Grey Gargoyle,28,22,36,3
407,1009307,Force Works,28,4,28,1
1275,1009651,Terrax,27,18,28,1
503,1010678,Hellion,27,12,30,2
821,1009410,Moira MacTaggert,27,19,22,3
1174,1010705,Spectrum,27,10,27,1
615,1009630,Johnny Storm,27,15,40,3
1096,1009568,Selene,27,15,28,1
396,1009303,Fin Fang Foom,27,16,31,2
363,1011082,Elixir,26,7,34,1
1150,1011265,Sinister Six,26,8,30,1
532,1009355,Hulkling,26,12,25,3
105,1010325,Betty Brant,26,14,29,1
1049,1010692,Rockslide,26,13,29,3
413,1011356,Frankenstein's Monster,26,6,35,1
1006,1009526,Radioactive Man,26,19,23,1
994,1009520,Purple Man,25,13,25,2
854,1011244,Mr. Negative,25,7,30,2
369,1010671,Enchantress (Amora),25,11,36,2
1419,1011287,Warlock (Technarchy),25,10,33,3
979,1009507,Prowler,25,11,23,3
1104,1009573,Shadow King,24,14,22,2
555,1009364,Impossible Man,24,19,31,1
1389,1010788,Venom (Mac Gargan),24,11,25,5
935,1010873,Paladin,24,14,26,2
1326,1009669,Tiger Shark,24,15,31,1
291,1009266,Darkstar,24,16,19,1
379,1009295,Exodus,24,18,29,3
1029,1010837,Red Wolf,24,11,27,1
203,1011027,Captain Universe,24,13,30,2
412,1009229,Frank Castle,24,10,28,2
1123,1011392,She-Hulk (Lyra),23,6,31,3
1056,1011398,Romulus,23,8,23,1
124,1010687,Black Tarantula,23,11,26,1
657,1011148,Kree,23,16,25,1
1273,1009650,Tempest,23,13,26,2
1484,1010841,Zaran,22,5,30,1
1478,1009734,Xorn (Kuan-Yin Xorn),22,11,27,1
288,1009265,Dark Phoenix,22,16,21,1
850,1009460,Mr. Fixit,22,2,36,1
1252,1010695,Surge,22,8,31,1
68,1009740,Arnim Zola,22,9,24,2
447,1011055,Gideon,22,11,24,1
473,1009207,GW Bridge,22,3,21,3
970,1011030,Prodigy,21,7,23,3
890,1010746,Nico Minoru,21,9,20,1
215,1009536,Cecilia Reyes,21,8,24,2
844,1009456,Morph,21,12,23,1
1067,1010969,Sabretooth (Age of Apocalypse),21,7,21,1
652,1010818,Komodo (Melati Kusuma),20,2,24,4
277,1011333,Dakota North,20,6,21,1
271,1011385,Cypher,20,3,27,2
1404,1011011,Vulcan (Gabriel Summers),20,10,17,1
376,1011061,Eternity,20,13,23,1
239,1010823,Cloud 9,20,4,22,4
1343,1010822,Trauma,19,2,25,4
796,1010681,Mercury,19,10,16,2
874,1009547,Natasha Romanoff,19,8,20,1
98,1009179,Beetle (Abner Jenkins),19,11,26,2
789,1011399,Meggan,18,13,19,1
654,1011080,Korg,18,3,17,2
543,1009360,Hydro-Man,18,9,25,1
1017,1009532,Reaper,18,8,21,1
955,1010762,Pip,18,9,17,1
457,1010731,Gorilla Man,18,7,19,2
1297,1011018,The Order,18,3,27,1
1293,1010998,The Initiative,18,2,24,2
265,1009244,Curt Conners,18,8,16,2
91,1009174,Beak,17,5,18,1
826,1010691,Molly Hayes,17,10,15,2
746,1010904,Magus (Adam Warlock),17,9,21,3
554,1009363,Imperial Guard,17,11,19,2
485,1010821,Hardball,17,3,20,5
1227,1009626,Stick,17,7,19,1
730,1009509,Madelyne Pryor,17,8,20,4
1167,1009603,Smasher (Vril Rokk),17,11,10,1
1376,1010350,Valkyrie (Samantha Parrington),17,14,18,1
975,1009505,Proteus,16,10,14,1
216,1010813,Celestials,16,14,18,2
436,1009317,Genesis,16,3,16,1
1200,1010794,Spider-Woman (Mattie Franklin),16,5,16,1
1204,1009616,Spot,16,10,20,2
356,1011060,Ego,16,14,17,1
392,1011233,Fat Cobra,16,6,21,1
550,1010758,Illuminati,16,8,15,1
1325,1011304,Thundra,16,11,20,2
759,1009424,Marauders,16,12,19,2
1318,1010820,Thor Girl,16,3,19,4
427,1010832,Gargoyle,15,5,15,1
1445,1011009,Wind Dancer,15,2,30,1
1483,1009738,Zaladane,15,11,11,1
1393,1010353,Vermin (Edward Whelan),15,6,19,2
1463,1010883,Wrecking Crew,15,10,16,1
387,1009298,Famine,15,3,15,1
1488,1010780,Zemo,15,9,12,1
228,1010754,Chase Stein,15,8,14,1
933,1009488,Ozymandias,15,12,11,1
1260,1009643,Synch,15,10,15,1
107,1011138,Beyonder,15,9,14,2
1319,1010885,Thunderball,14,10,13,1
607,1011105,Jimmy Woo,14,6,17,2
62,1009160,Arclight,14,5,14,3
506,1011371,Henry Peter Gyrich,14,6,15,2
1306,1009661,The Watchers,14,8,15,1
1461,1010737,Wraith,13,7,15,2
487,1009336,Harpoon,13,5,12,3
1330,1011345,Tinkerer,13,9,11,1
1128,1011093,Shi'Ar,13,9,13,1
1164,1010761,Sleepwalker,13,8,13,1
1042,1009544,Risque,13,5,12,1
439,1010749,Gertrude Yorkes,13,5,12,1
993,1011207,Purifiers,13,6,16,2
959,1009501,Post,13,8,11,1
138,1009198,Blizzard,13,8,17,1
125,1009188,Black Tom,13,7,11,1
1410,1009701,War (Abraham Kieros),13,5,13,2
593,1011343,Jamie Braddock,13,6,11,2
1381,1011365,Vanisher (Telford Porter),12,4,13,2
1156,1009598,Skin,12,7,13,1
1175,1010833,Speed,12,8,13,3
1371,1009687,Unus,12,10,8,1
1232,1010979,Storm (Age of Apocalypse),12,3,11,1
1462,1010884,Wrecker,12,9,14,1
762,1009735,Mariko Yashida,12,6,11,1
0,1011334,3-D Man,12,3,21,1
694,1009403,Liz Osborn,12,7,10,2
535,1010722,Human Robot,12,6,12,2
170,1009213,Bushwacker,12,8,13,1
681,1011421,Lethal Legion,12,8,9,1
141,1009200,Blockbuster,12,8,11,2
603,1010667,Jessica Drew,12,4,13,1
37,1009151,Amiko,12,3,12,1
637,1010810,Kate Bishop,12,5,12,2
1041,1009543,Riptide,11,7,9,2
1198,1010795,Spider-Woman (Charlotte Witter),11,6,14,1
1080,1011048,Scalphunter,11,7,11,2
452,1011144,Glorian,11,2,19,1
967,1011234,Prince of Orphans,11,3,16,1
636,1010783,Kat Farrell,11,7,8,1
859,1011210,Mulholland Black,11,2,19,1
462,1010928,Green Goblin (Harry Osborn),11,3,11,2
1304,1009660,The Stranger,11,9,7,1
1250,1011232,Supernaut,11,2,19,1
208,1009688,Carmella Unuscione,11,3,11,1
53,1011208,Anthem,11,2,20,1
177,1011209,Calamity,11,2,20,1
1386,1011231,Veda,11,2,20,1
158,1011236,Bride of Nine Spiders (Immortal Weapons),10,2,14,1
943,1009495,Pestilence,10,2,13,1
919,1010757,Omega Flight,10,3,13,1
161,1011090,Brother Voodoo,10,9,10,1
1225,1010901,Stephen Strange,10,6,12,1
1263,1009646,Talisman (Elizabeth Twoyoungmen),10,2,10,1
204,1011052,Cardiac,10,4,10,1
289,1011387,Dark X-Men,10,3,17,1
287,1010907,Dark Beast,10,5,10,2
368,1009292,Emplate,10,5,9,1
743,1010945,Magneto (House of M),10,7,8,1
742,1010944,Magneto (Age of Apocalypse),9,5,10,1
689,1011257,Lily Hollister,9,1,12,1
103,1010829,Bengal,9,3,10,3
1327,1011237,Tiger's Beautiful Daughter,9,2,14,1
165,1009210,Brute,9,6,7,1
807,1009530,Mikhail Rasputin,9,5,12,1
1214,1009621,Starbolt,9,6,6,1
757,1009423,Manta,9,7,5,1
587,1010766,Jack O' Lantern,9,7,9,2
1088,1010790,Scorpion (Carmilla Black),9,3,9,1
825,1011019,Molecule Man,9,6,10,1
1051,1010967,Rogue (Age of Apocalypse),9,4,9,1
1480,1010996,Yellowjacket (Rita DeMara),9,4,9,1
516,1010930,Hobgoblin (Jason Macendale),9,4,9,1
331,1011235,Dog Brother #1,9,2,10,1
453,1009322,Goblin Queen,9,7,9,1
1422,1009706,Warstar,9,6,5,1
307,1010717,Debrii,9,3,15,2
1425,1011133,Weapon Omega,9,5,10,1
476,1011400,H.A.M.M.E.R.,8,5,11,1
723,1010851,Mach IV,8,4,14,1
303,1011037,Deathcry,8,4,7,3
251,1011353,Cosmo (dog),8,7,8,1
1102,1009572,Serpent Society,8,6,9,3
1440,1010994,Wild Child (Age of Apocalypse),8,3,7,1
541,1009358,Hussar,8,5,5,1
7,1009149,Abyss,8,3,8,1
947,1010734,Peter Quill,7,5,6,1
1391,1011106,Venus (Siren),7,5,9,2
735,1010867,Magdalene,7,3,9,1
1153,1010745,Sister Grimm,7,3,7,1
901,1010797,Nitro,7,6,6,1
1367,1010862,Unicorn,7,3,12,1
828,1011370,Molten Man,7,4,7,1
1244,1010981,Sunfire (Age of Apocalypse),7,3,6,1
843,1011088,Morlun,7,5,12,2
1072,1011126,Sally Floyd,7,3,6,1
153,1011119,"Bob, Agent of Hydra",7,6,8,1
1137,1009587,Shriek,7,3,8,1
219,1009231,Cerebro,7,4,8,1
1267,1011149,Tana Nile,6,2,6,1
395,1011213,Feral,6,4,6,1
57,1010773,Arachne,6,2,8,1
1268,1010713,Tarantula (Luis Alvarez),6,3,7,1
1264,1010753,Talkback (Chase Stein),6,3,6,1
581,1009487,Iron Patriot,6,5,7,3
181,1009218,Calypso,6,3,6,1
697,1011414,Loa,6,3,11,1
1014,1011154,Ravenous,5,2,5,1
310,1011071,Demogoblin,5,3,5,1
1157,1011157,Skreet,5,3,4,1
1139,1010848,Silhouette,5,4,7,2
969,1009503,Prism,5,4,5,1
653,1011147,Korath,5,3,5,1
619,1011033,Joystick,5,5,5,1
539,1010675,Humbug,5,3,5,1
1003,1010964,Quicksilver (Age of Apocalypse),4,3,3,1
1241,1011212,Sugar Man,4,2,4,1
1354,1011315,U-Foes,4,3,6,1
861,1010826,MVP,4,3,6,1
205,1010143,Caretaker,4,2,4,1
18,1011176,Ajak,4,1,8,1
1258,1010982,Swordsman (Jaques Duquesne),4,2,4,1
673,1011092,Leech,4,2,4,2
17,1011136,Air-Walker (Gabriel Lan),4,3,3,1
182,1011139,Cammi,4,3,4,1
513,1010703,Hiroim,4,2,4,1
316,1011142,Devos,4,2,7,1
393,1009335,Felicia Hardy,3,2,4,1
274,1010774,Daily Bugle,3,3,3,1
167,1011038,Bug,3,3,6,1
8,1010903,Abyss (Age of Apocalypse),3,3,2,1
186,1010914,Captain America (House of M),3,3,2,1
806,1010924,Miek,3,2,3,1
621,1010936,Jubilee (Age of Apocalypse),3,1,3,1
1414,1011226,War Machine (Ultimate),3,2,3,1
963,1011152,Preak,3,1,3,1
962,1011151,Praxagora,3,1,3,1
737,1010942,Magik (Amanda Sefton),2,2,2,2
1300,1011211,The Renegades,2,2,1,1
1274,1011162,Tenebrous,2,1,2,1
1105,1010973,Shadow King (Age of Apocalypse),2,1,2,1
1215,1010764,Stardust,2,2,2,1
1091,1011230,Scrambler,2,2,2,1
1026,1011155,Red Shift,2,1,2,1
866,1010953,Mystique (Age of Apocalypse),2,1,2,1
928,1010957,Orphan-Maker,2,2,2,1
419,1010670,Frog-Man,2,2,3,1
411,1011177,Forgotten One,2,2,2,2
1295,1011216,The Liberteens,1,1,2,1
755,1011243,Mandrill,1,1,1,1
1266,1011161,Talos,1,1,1,1
180,1010912,Callisto (Age of Apocalypse),1,1,1,1
793,1011184,Mentor,1,1,1,1
867,1010954,Mystique (House of M),1,1,1,1
85,1011137,Baroness S'Bak,1,1,1,1
706,1011145,Lord Hawal,1,1,1,1
1372,1010987,Unus (Age of Apocalypse),1,1,1,1
1068,1010970,Sabretooth (House of M),1,1,1,1
1073,1011156,Salo,1,1,1,1
67,1010827,Armory,1,1,2,1
